City,Average Compensation (USD),Min Compensation (USD),Max Compensation (USD)
-,"126,000.00","126,000.00","126,000.00"
(MID-ATLANTIC),"85,000.00","85,000.00","85,000.00"
12901,"73,000.00","73,000.00","73,000.00"
15000,"36,000.00","36,000.00","36,000.00"
15206,"39,018.00","39,018.00","39,018.00"
AACHEN,"17,200.00","17,200.00","17,200.00"
ABERDEEN,"66,378.00","37,360.00","114,774.00"
ABILENE,"27,000.00","27,000.00","27,000.00"
"ADAMS COUNTY, ILLINOIS","65,000.00","65,000.00","65,000.00"
ADELAIDE,"59,208.14","37,836.00","84,397.00"
AIKEN,"48,500.00","48,500.00","48,500.00"
AKRON,"86,250.00","72,500.00","100,000.00"
"ALAMEDA, CA","136,000.00","136,000.00","136,000.00"
ALASKA,"105,000.00","105,000.00","105,000.00"
ALBANY,"80,000.00","80,000.00","80,000.00"
"ALBANY, NY","161,000.00","161,000.00","161,000.00"
ALBUQUERQUE,"62,500.00","38,000.00","87,000.00"
ALBUQURQUE,"76,000.00","76,000.00","76,000.00"
ALEXANDRIA,"120,000.00","120,000.00","120,000.00"
"ALEXANDRIA, MN","53,000.00","53,000.00","53,000.00"
"ALEXANDRIA, VA","142,500.00","142,500.00","142,500.00"
ALLENTOWN,"77,750.00","50,000.00","105,500.00"
ALPHARETTA,"114,000.00","85,000.00","143,000.00"
ALVA,"23,360.00","23,360.00","23,360.00"
AMARILLO,"36,520.00","27,040.00","46,000.00"
"AMITE, LA","16,068.00","16,068.00","16,068.00"
AMSTERDAM,"76,620.00","24,600.00","196,000.00"
ANAHEIM,"60,000.00","60,000.00","60,000.00"
"ANAHEIM, CA","89,160.00","89,160.00","89,160.00"
ANCHORAGE,"85,600.00","58,000.00","125,000.00"
ANDERSON,"102,000.00","102,000.00","102,000.00"
ANN ARBOR,"89,231.25","54,000.00","126,000.00"
"ANN ARBOR, MI","65,000.00","65,000.00","65,000.00"
ANNAPOLIS,"71,000.00","71,000.00","71,000.00"
ANTWERP,"60,000.00","60,000.00","60,000.00"
APPLETON,"150,000.00","150,000.00","150,000.00"
ARACAJU,"20,000.00","20,000.00","20,000.00"
ARDÈCHE,"30,000.00","30,000.00","30,000.00"
ARIZONA,"91,000.00","91,000.00","91,000.00"
ARLINGOTN,"100,000.00","100,000.00","100,000.00"
ARLINGTON,"36,060.00","36,060.00","36,060.00"
"ARLINGTON, VA","109,750.00","97,000.00","122,500.00"
ARMAGH,"24,658.00","24,658.00","24,658.00"
ARMONK,"174,000.00","174,000.00","174,000.00"
ASHBY,"39,000.00","39,000.00","39,000.00"
ASHEVILLE,"64,543.33","35,200.00","129,800.00"
"ASHEVILLE, NC","42,000.00","42,000.00","42,000.00"
ATHENS,"32,816.67","9,200.00","69,250.00"
ATLANTA,"104,557.84","11,500.00","445,000.00"
"ATLANTA, GA","86,416.67","69,500.00","111,750.00"
AUBURN,"79,500.00","79,500.00","79,500.00"
"AUBURN, AL","87,500.00","87,500.00","87,500.00"
AUCKLAND,"60,357.50","29,000.00","132,000.00"
AUGSBURG,"33,919.00","33,919.00","33,919.00"
"AURORA, ON","77,460.00","77,460.00","77,460.00"
AUSTIN,"97,810.32","35,000.00","265,000.00"
AUSTIN TEXAS,"90,000.00","90,000.00","90,000.00"
"AUSTIN, TEXAS","92,000.00","92,000.00","92,000.00"
"AUSTIN, TX","108,877.78","75,000.00","165,000.00"
AVIGNON,"50,000.00","50,000.00","50,000.00"
BAD AXE,"64,000.00","64,000.00","64,000.00"
BAKERSFIELD,"65,000.00","65,000.00","65,000.00"
BALTIMORE,"112,550.00","54,250.00","240,000.00"
"BALTIMORE, MD","75,550.00","75,000.00","76,100.00"
BALTIMORE/DC,"136,000.00","136,000.00","136,000.00"
BANGALORE,"3,000.00","3,000.00","3,000.00"
BANGKOK,900.00,900.00,900.00
BARCELONA,"48,300.00","34,000.00","60,500.00"
BARRIE,"56,200.00","56,200.00","56,200.00"
BASEL,"110,105.00","110,105.00","110,105.00"
BATON ROUGE,"75,375.00","43,500.00","144,000.00"
"BATON ROUGE, LA","118,000.00","118,000.00","118,000.00"
BAVARIA,"45,955.00","45,955.00","45,955.00"
BAY AREA,"375,000.00","375,000.00","375,000.00"
BAY AREA (EAST BAY),"205,000.00","205,000.00","205,000.00"
BAY AREA CA,"107,500.00","107,500.00","107,500.00"
"BAY AREA, CA","264,000.00","264,000.00","264,000.00"
BEAUMONT,"109,000.00","109,000.00","109,000.00"
BEDFORD,"49,998.00","49,998.00","49,998.00"
BELA CRKVA,"9,157.00","9,157.00","9,157.00"
BELFAST,"48,003.75","36,135.00","57,000.00"
BELGRADE,"51,296.00","51,296.00","51,296.00"
BELLEVUE,"96,666.67","40,000.00","135,000.00"
BELLEVUE WA,"136,000.00","136,000.00","136,000.00"
BENGALURU,"16,770.00","16,770.00","16,770.00"
"BENICIA, CA","45,700.00","45,700.00","45,700.00"
BENTONVILLE,"102,000.00","102,000.00","102,000.00"
"BENTONVILLE, AR","81,050.00","73,100.00","89,000.00"
BERGEN,"73,500.00","73,500.00","73,500.00"
"BERKELEY, CA","170,000.00","170,000.00","170,000.00"
BERLIN,"72,299.46","47,000.00","93,912.47"
BERN,"93,837.50","84,000.00","103,675.00"
BERTRANGE,"38,000.00","38,000.00","38,000.00"
BETHESDA,"97,325.00","43,650.00","151,000.00"
"BETHESDA, MD","110,000.00","110,000.00","110,000.00"
BETHLEHEM,"77,000.00","62,000.00","92,000.00"
BEUNINGEN,"25,076.00","25,076.00","25,076.00"
"BILOXI, MS","32,000.00","32,000.00","32,000.00"
BIRMINGHAM,"84,800.00","27,000.00","146,000.00"
"BIRMINGHAM, AL","85,000.00","85,000.00","85,000.00"
BLACKSBURG,"57,625.00","53,000.00","62,000.00"
"BLACKSBURG, VA","79,000.00","79,000.00","79,000.00"
BLOOMFILED HILLS,"46,500.00","46,500.00","46,500.00"
BLOOMINGTON,"74,125.00","68,250.00","80,000.00"
BLOOMINGTON INDIANA,"70,000.00","70,000.00","70,000.00"
"BLOOMINGTON, IN","76,125.00","76,125.00","76,125.00"
BLUMENAU,"16,500.00","16,500.00","16,500.00"
BOCA RAON,"63,000.00","63,000.00","63,000.00"
BOCA RATON,"54,233.33","49,000.00","60,400.00"
"BOCA RATON, FL","102,290.00","102,290.00","102,290.00"
BOISE,"64,750.00","38,000.00","76,000.00"
BOLOGNA,"40,000.00","40,000.00","40,000.00"
BOLTON,"17,525.00","17,525.00","17,525.00"
BOLZANO,"34,200.00","25,000.00","43,400.00"
BOSSIER CITY,"90,000.00","90,000.00","90,000.00"
BOSTON,"106,928.41","37,000.00","181,500.00"
BOSTON AREA,"148,000.00","148,000.00","148,000.00"
"BOSTON, MA","150,500.00","69,000.00","256,500.00"
BOTHELL,"41,500.00","41,500.00","41,500.00"
BOULDER,"120,550.00","59,000.00","206,000.00"
"BOULDER, CO","118,500.00","85,000.00","152,000.00"
BOURNEMOUTH,"41,451.67","28,355.00","55,000.00"
BOWLING GREEN,"87,500.00","75,000.00","100,000.00"
BOZEMAN,"55,200.00","48,000.00","62,400.00"
BRAGA,"30,550.00","30,550.00","30,550.00"
BRAINTREE MA,"68,000.00","68,000.00","68,000.00"
BRANFORD,"48,000.00","48,000.00","48,000.00"
BRASILIA,"38,000.00","27,000.00","49,000.00"
BRATISLAVA,"28,800.00","12,100.00","35,100.00"
BRATTLEBORO,"49,000.00","49,000.00","49,000.00"
"BREA, CA","60,500.00","60,500.00","60,500.00"
BREDA,"40,623.00","40,623.00","40,623.00"
BREMEN,"49,250.00","45,000.00","53,500.00"
BRIGHTON,"57,451.00","39,485.00","75,417.00"
BRISBANE,"61,354.55","31,000.00","106,361.00"
BRISTOL,"46,514.19","25,000.00","96,000.00"
BRNO,"26,356.25","18,000.00","34,625.00"
BRONX,"70,000.00","70,000.00","70,000.00"
BROOME,"93,475.00","93,475.00","93,475.00"
BROOMFIELD,"119,000.00","119,000.00","119,000.00"
BRUGGE,"29,041.00","29,041.00","29,041.00"
BRUSSELS,"35,936.00","22,080.00","72,000.00"
BUCHAREST,"18,500.00","18,500.00","18,500.00"
BUDAPEST,"28,230.00","14,800.00","37,800.00"
BUENOS AIRES,"20,000.00","15,000.00","25,000.00"
BUFFALO,"71,786.67","33,280.00","125,000.00"
BUFFALO NY,"59,833.33","50,000.00","66,000.00"
"BUFFALO, NY","69,750.00","65,000.00","74,500.00"
BUK,"18,000.00","18,000.00","18,000.00"
BURLINGTON,"43,166.67","15,000.00","64,000.00"
"BURLINGTON, VT","65,100.00","50,200.00","80,000.00"
CAIRO,"4,400.00","4,400.00","4,400.00"
CALGARY,"72,289.00","40,893.93","123,000.00"
CALIFORNIA,"135,800.00","65,600.00","206,000.00"
CAMARILLO,"82,500.00","82,500.00","82,500.00"
"CAMARILLO, CA","108,000.00","108,000.00","108,000.00"
CAMBRIDGE,"106,120.50","29,700.00","341,000.00"
CAMBRIDGE MA,"74,000.00","74,000.00","74,000.00"
"CAMBRIDGE, MA","122,750.00","113,000.00","132,500.00"
CAMBRIDGESHIRE,"36,000.00","36,000.00","36,000.00"
CAMDEN,"42,000.00","42,000.00","42,000.00"
CANANDAIGUA,"70,750.00","70,750.00","70,750.00"
CANBERRA,"58,789.23","45,000.00","80,100.00"
CANONSBURG,"78,000.00","78,000.00","78,000.00"
CANTERBURY,"50,000.00","50,000.00","50,000.00"
CANTON,"89,333.33","58,000.00","150,000.00"
"CANTON, OH","58,788.00","58,788.00","58,788.00"
CAPE GIRARDEAU,"42,500.00","42,500.00","42,500.00"
CAPE TOWN,"46,186.75","36,680.00","58,656.00"
CAPITAL,"50,000.00","50,000.00","50,000.00"
CARDIFF,"36,500.00","36,500.00","36,500.00"
CARPINTERIA,"75,500.00","75,500.00","75,500.00"
CARSON,"96,000.00","96,000.00","96,000.00"
"CARY, NC","116,250.00","112,500.00","120,000.00"
CASABLANCA,"100,000.00","100,000.00","100,000.00"
CASPER,"49,000.00","49,000.00","49,000.00"
CEDAR FALLS,"57,000.00","57,000.00","57,000.00"
CEDAR RAPIDS,"96,000.00","71,000.00","121,000.00"
CEDAR RAPIDS IOWA,"66,303.84","66,303.84","66,303.84"
CENTRAL COAST,"37,820.00","37,820.00","37,820.00"
CENTRAL NJ,"70,000.00","70,000.00","70,000.00"
CENTRAL NY,"61,200.00","61,200.00","61,200.00"
CENTRAL PA,"48,500.00","48,500.00","48,500.00"
CENTRAL WA,"65,340.00","65,340.00","65,340.00"
CGUCI,"58,500.00","58,500.00","58,500.00"
CH,"54,000.00","54,000.00","54,000.00"
CHAMPAIGN,"43,000.00","40,000.00","46,000.00"
CHAMPAIGN URBANA,"55,500.00","55,500.00","55,500.00"
CHAPEL HILL,"42,500.00","42,500.00","42,500.00"
CHAPEL HILL NC,"110,000.00","110,000.00","110,000.00"
CHARLESTON,"77,016.67","56,000.00","90,050.00"
"CHARLESTON, SC","65,000.00","65,000.00","65,000.00"
CHARLOTTE,"106,394.29","46,000.00","192,500.00"
CHARLOTTE METRO AREA (NC),"98,000.00","98,000.00","98,000.00"
CHARLOTTE NC,"71,500.00","71,500.00","71,500.00"
"CHARLOTTE, NC","106,200.00","73,500.00","191,000.00"
CHARLOTTESVILLE,"84,500.00","62,000.00","107,000.00"
CHATHAM,"81,000.00","81,000.00","81,000.00"
CHATTANOOGA,"57,466.67","36,400.00","73,000.00"
CHELYABINSK,"13,500.00","13,500.00","13,500.00"
"CHEYENNE, WY","85,600.00","85,600.00","85,600.00"
CHICAGO,"112,298.97","11,500.00","789,000.00"
CHICAGO (REMOTE),"93,500.00","93,500.00","93,500.00"
CHICAGO IL,"53,000.00","53,000.00","53,000.00"
"CHICAGO, IL","125,708.70","54,000.00","180,043.52"
CHICAGOLAND,"114,033.33","56,100.00","170,000.00"
CHISINAU,"16,000.00","16,000.00","16,000.00"
CINCINNATI,"103,058.00","47,000.00","244,800.00"
"CINCINNATI, OH","59,850.00","32,200.00","87,500.00"
CITY OF INDUSTRY,"72,000.00","72,000.00","72,000.00"
CLARKSVILLE,"58,000.00","58,000.00","58,000.00"
"CLEARWATER, FLORIDA","45,000.00","45,000.00","45,000.00"
CLEVELAND,"74,493.75","40,000.00","118,400.00"
CLEVELAND TN,"38,300.00","38,300.00","38,300.00"
"CLEVELAND, OHIO","97,500.00","97,500.00","97,500.00"
CO,"329,000.00","329,000.00","329,000.00"
"COEUR D'ALENE, ID","40,000.00","40,000.00","40,000.00"
COEUR D ALENE,"95,000.00","95,000.00","95,000.00"
"COLLEGE PARK, MD","68,000.00","68,000.00","68,000.00"
COLLEGE STATION,"75,000.00","75,000.00","75,000.00"
COLOGNE,"52,031.25","13,000.00","72,000.00"
COLOMBO,"11,900.00","11,900.00","11,900.00"
COLORADO,"80,000.00","80,000.00","80,000.00"
COLORADO SPRINGS,"94,000.00","82,500.00","116,000.00"
COLUMBIA,"87,625.00","48,500.00","140,000.00"
"COLUMBIA, SC","86,000.00","86,000.00","86,000.00"
COLUMBUS,"100,850.00","60,500.00","228,000.00"
COLUMBUS OHIO,"43,680.00","43,680.00","43,680.00"
"COLUMBUS, GA","38,000.00","38,000.00","38,000.00"
"COLUMBUS, OH","73,100.00","65,000.00","90,000.00"
CONCORD,"47,336.50","14,800.00","79,873.00"
CONNECTICUT,"61,750.00","51,500.00","72,000.00"
"CONWAY, AR","44,000.00","44,000.00","44,000.00"
"COOKEVILLE, TN","62,000.00","62,000.00","62,000.00"
COPENHAGEN,"73,640.00","12,000.00","205,000.00"
CORK,"57,630.00","55,000.00","60,260.00"
COUNTRYWIDE,"50,000.00","50,000.00","50,000.00"
CRACOV,"40,000.00","40,000.00","40,000.00"
"CREVE COUER, MISSOURI","60,550.00","60,550.00","60,550.00"
CROYDON,"85,000.00","85,000.00","85,000.00"
CUPERTINO,"330,000.00","330,000.00","330,000.00"
DALLAS,"95,678.17","38,000.00","240,000.00"
DALLAS - FT WORTH,"97,500.00","97,500.00","97,500.00"
DALLAS TX,"105,000.00","105,000.00","105,000.00"
"DALLAS, TEXAS","173,000.00","173,000.00","173,000.00"
"DALLAS, TX","123,425.00","85,000.00","165,000.00"
DARBY,"56,000.00","56,000.00","56,000.00"
DARMSTADT,"39,600.00","39,600.00","39,600.00"
DARTFORD,"34,560.00","34,560.00","34,560.00"
DAVAO,"11,400.00","11,400.00","11,400.00"
DAVENPORT,"64,000.00","64,000.00","64,000.00"
DAVIE,"43,000.00","43,000.00","43,000.00"
DAYTON,"88,750.00","51,000.00","132,000.00"
DAYTON OH,"147,000.00","147,000.00","147,000.00"
DAYTON OHIO AREA,"74,500.00","74,500.00","74,500.00"
"DAYTON, OH","54,450.00","46,500.00","62,400.00"
"DAYTON, OHIO","94,000.00","94,000.00","94,000.00"
DC,"107,666.67","75,000.00","127,000.00"
DC METRO,"82,000.00","82,000.00","82,000.00"
DEBRECEN,"20,000.00","20,000.00","20,000.00"
"DECATUR, IL","75,000.00","75,000.00","75,000.00"
DEKALB,"65,000.00","65,000.00","65,000.00"
DEN HAAG,"49,000.00","42,000.00","56,000.00"
DENVER,"106,601.84","10,130.00","268,000.00"
"DENVER, CO","100,575.00","70,000.00","126,000.00"
DES MOINES,"77,670.00","43,680.00","114,000.00"
"DES MOINES, IA","115,000.00","115,000.00","115,000.00"
DETROIT,"77,091.07","32,000.00","122,000.00"
DETROIT METRO,"153,666.67","46,000.00","363,000.00"
DETROIT MI / HARTFORD CT,"95,000.00","95,000.00","95,000.00"
"DETROIT, MI","68,000.00","68,000.00","68,000.00"
DFW,"81,200.00","60,000.00","117,000.00"
"DFW AREA, TX","80,000.00","80,000.00","80,000.00"
DFW TEXAS,"39,500.00","39,500.00","39,500.00"
DOHA,"28,000.00","28,000.00","28,000.00"
DOKKUM,"40,000.00","40,000.00","40,000.00"
DOMINGUEZ HILLS,"32,500.00","32,500.00","32,500.00"
DORAL,"39,000.00","39,000.00","39,000.00"
DOVER,"52,427.00","52,427.00","52,427.00"
DRAPER,"110,000.00","110,000.00","110,000.00"
DRESDEN,"60,000.00","54,000.00","66,000.00"
DUBLIN,"86,082.18","32,800.00","164,000.00"
"DUBLIN, OH","52,000.00","52,000.00","52,000.00"
DULUTH,"90,500.00","59,000.00","122,000.00"
"DULUTH, MN","73,500.00","73,500.00","73,500.00"
DURHAM,"71,666.00","45,000.00","103,750.00"
DURHAM NC,"101,018.00","101,018.00","101,018.00"
"DURHAM, NC","118,500.00","55,000.00","152,500.00"
DÜSSELDORF,"65,250.00","53,000.00","77,500.00"
EAST BAY,"155,500.00","155,500.00","155,500.00"
"EAST CAMDEN, AR","31,650.00","31,650.00","31,650.00"
EAST LANSING,"64,500.00","64,500.00","64,500.00"
EAST TENNESSEE,"96,000.00","96,000.00","96,000.00"
EASTERN WASHINGTON STATE,"110,700.00","110,700.00","110,700.00"
EAU CLAIRE,"60,375.00","42,500.00","89,000.00"
"EAU CLAIRE, WI","68,000.00","68,000.00","68,000.00"
EDINBURGH,"52,179.86","29,670.00","92,642.00"
EDISON,"31,200.00","31,200.00","31,200.00"
"EDISON, NJ","84,000.00","84,000.00","84,000.00"
EDMONTON,"88,260.24","30,092.20","226,005.00"
EINDHOVEN,"82,700.00","82,700.00","82,700.00"
ELKHART,"95,500.00","86,000.00","105,000.00"
"ELKHART, IN","41,500.00","41,500.00","41,500.00"
EMDEN,"41,000.00","41,000.00","41,000.00"
EMERYVILLE,"125,000.00","80,000.00","170,000.00"
ENDICOTT,"24,000.00","24,000.00","24,000.00"
ERIE,"38,500.00","38,500.00","38,500.00"
ESBJERG,"45,000.00","45,000.00","45,000.00"
ESPOO,"88,000.00","88,000.00","88,000.00"
EUGENE,"103,900.00","103,900.00","103,900.00"
EVANSVILLE,"64,700.80","41,901.60","87,500.00"
EVERETT,"29,000.00","29,000.00","29,000.00"
EXETER,"30,733.33","21,200.00","39,000.00"
EXTON,"67,500.00","67,500.00","67,500.00"
FAIRFAX,"54,000.00","36,000.00","72,000.00"
FAIRFAX VA,"40,000.00","40,000.00","40,000.00"
"FAIRFAX, VA","92,800.00","70,000.00","115,600.00"
"FAIRFIELD, CA","210,000.00","210,000.00","210,000.00"
FARGO,"80,000.00","80,000.00","80,000.00"
"FARGO, ND","51,800.00","51,800.00","51,800.00"
FARMINGTON HILLS,"51,000.00","51,000.00","51,000.00"
"FARMINGTON HILLS, MI","85,000.00","85,000.00","85,000.00"
FAYETTEVILLE AR,"90,000.00","90,000.00","90,000.00"
"FAYETTEVILLE, NC","85,202.50","46,405.00","124,000.00"
FELIXSTOWE,"33,500.00","33,500.00","33,500.00"
"FENTON, MO","74,750.00","74,750.00","74,750.00"
FLINT,"56,800.00","50,000.00","63,600.00"
FLORIDA,"91,225.00","66,950.00","115,500.00"
FOLSOM,"220,000.00","220,000.00","220,000.00"
FORT CAMPBELL,"24,000.00","24,000.00","24,000.00"
FORT COLLINS,"67,000.00","67,000.00","67,000.00"
"FORT COLLINS, CO","72,500.00","72,500.00","72,500.00"
FORT HUACHUCA,"90,000.00","90,000.00","90,000.00"
FORT LAUDERDALE,"99,000.00","99,000.00","99,000.00"
FORT MYERS,"48,100.00","48,100.00","48,100.00"
FORT WAYNE,"91,000.00","91,000.00","91,000.00"
"FORT WAYNE, IN","65,000.00","65,000.00","65,000.00"
"FORT WAYNE, INDIANA","43,500.00","43,500.00","43,500.00"
FORT WORTH,"83,600.00","54,000.00","143,000.00"
"FORT WORTH, TX","62,000.00","62,000.00","62,000.00"
FOSTER CITY,"133,000.00","133,000.00","133,000.00"
FRANKFORT,"55,000.00","55,000.00","55,000.00"
"FRANKFORT, IN","48,500.00","48,500.00","48,500.00"
FRANKFURT,"80,000.00","80,000.00","80,000.00"
"FREDERICK, MD","68,500.00","45,000.00","92,000.00"
FREDERICTON,"54,700.00","47,000.00","62,400.00"
FRESNO,"73,000.00","73,000.00","73,000.00"
FRIESLAND,"37,063.00","37,063.00","37,063.00"
FT LAUDERDALE,"100,500.00","100,500.00","100,500.00"
FULLERTON,"54,500.00","54,500.00","54,500.00"
FULLY REMOTE,"275,000.00","275,000.00","275,000.00"
FULTON,"154,500.00","154,500.00","154,500.00"
FUQUAY-VARINA,"81,000.00","81,000.00","81,000.00"
GAINESVILLE,"48,700.00","34,000.00","74,000.00"
GALWAY,"34,380.00","28,000.00","40,760.00"
GARÐABÆR,"90,332.00","90,332.00","90,332.00"
GEELONG,"53,500.00","53,500.00","53,500.00"
GELEEN,"31,000.00","31,000.00","31,000.00"
GENEVA,"140,250.00","110,000.00","175,000.00"
GEORGETOWN,"50,000.00","50,000.00","50,000.00"
GLASGOW,"84,302.33","37,600.00","155,000.00"
GLENDALE,"122,500.00","122,500.00","122,500.00"
GLOUCESTER,"55,624.50","55,624.50","55,624.50"
GOA,"9,070.75","9,070.75","9,070.75"
GOLD COAST,"41,473.94","41,473.94","41,473.94"
GOTHENBURG,"53,808.50","44,617.00","63,000.00"
GRAND ISLAND,"100,000.00","100,000.00","100,000.00"
GRAND RAPIDS,"69,209.09","41,000.00","118,000.00"
"GRAND RAPIDS, MI","68,170.00","56,000.00","80,340.00"
GRANDE PRAIRIE,"60,000.00","52,000.00","68,000.00"
GRANDVILLE,"56,075.00","56,075.00","56,075.00"
"GRANDVILLE, MI","55,000.00","55,000.00","55,000.00"
GRAZ,"61,970.00","61,970.00","61,970.00"
GREATER BOSTON AREA,"55,700.00","55,700.00","55,700.00"
GREATER CHICAGOLAND,"140,000.00","140,000.00","140,000.00"
GREATER DC / MARYLAND,"218,000.00","218,000.00","218,000.00"
GREATER MINNESOTA,"56,500.00","56,500.00","56,500.00"
GREEN BAY,"91,125.00","50,500.00","119,000.00"
"GREEN BAY, WI","125,000.00","125,000.00","125,000.00"
GREEN RIVER WY,"96,000.00","96,000.00","96,000.00"
"GREENBELT, MD","176,000.00","176,000.00","176,000.00"
GREENSBORO,"91,600.00","77,000.00","106,200.00"
"GREENSBORO, NC","58,000.00","58,000.00","58,000.00"
GREENVILLE,"52,121.67","45,000.00","65,000.00"
GREENVILLE SC,"70,000.00","70,000.00","70,000.00"
"GREENVILLE, SC","62,750.00","47,500.00","78,000.00"
GRENOBLE,"29,616.67","19,000.00","39,000.00"
GRONINGEN,"32,074.31","2,022.94","51,200.00"
GTA,"34,219.13","34,219.13","34,219.13"
GUADALAJARA,"29,750.00","15,500.00","44,000.00"
GUELPH,"100,000.00","100,000.00","100,000.00"
GUERNSEY,"48,578.00","48,578.00","48,578.00"
GUILDFORD,"69,000.00","69,000.00","69,000.00"
HALIFAX,"37,200.00","32,000.00","46,600.00"
HAMBURG,"60,376.88","39,000.00","83,000.00"
HAMILTON,"61,500.00","45,000.00","80,000.00"
HAMPSHIRE,"27,000.00","27,000.00","27,000.00"
HANOI,"15,000.00","15,000.00","15,000.00"
HANOVER,"55,440.00","55,440.00","55,440.00"
HARRISBURG,"62,500.00","44,500.00","79,000.00"
HARROGATE,"55,654.00","55,654.00","55,654.00"
HARTFORD,"73,083.33","68,500.00","80,000.00"
"HARTFORD, CT","98,500.00","75,000.00","122,000.00"
"HARTVILLE, OHIO","4,400.00","4,400.00","4,400.00"
"HATFIELD, PA","60,600.00","60,600.00","60,600.00"
HAUPPAUGE,"163,000.00","163,000.00","163,000.00"
HELSINKI,"59,813.33","32,000.00","100,600.00"
HENDERSON (LAS VEGAS VALLEY),"96,000.00","96,000.00","96,000.00"
HEREDIA,"24,000.00","24,000.00","24,000.00"
"HERNDON, VA","140,000.00","140,000.00","140,000.00"
"HICKORY, NC","52,000.00","52,000.00","52,000.00"
HILLSBORO,"93,000.00","93,000.00","93,000.00"
HOBOKEN,"78,500.00","78,500.00","78,500.00"
HOFGEISMAR,"46,815.00","46,815.00","46,815.00"
"HOLLAND, MI","86,500.00","86,500.00","86,500.00"
HOLLYWOOD,"60,000.00","60,000.00","60,000.00"
HOLMDEL,"109,000.00","109,000.00","109,000.00"
HONOLULU,"86,000.00","50,000.00","150,000.00"
HOUDT3,"57,000.00","57,000.00","57,000.00"
HOUSE,"94,000.00","94,000.00","94,000.00"
HOUSTON,"99,994.30","37,000.00","320,000.00"
HOUSTON TEXAS,"60,000.00","60,000.00","60,000.00"
"HOUSTON, TEXAS","70,000.00","70,000.00","70,000.00"
"HOUSTON, TX","104,680.00","52,500.00","149,600.00"
HUNTER,"50,000.00","50,000.00","50,000.00"
HUNTSVILLE,"108,000.00","85,000.00","131,000.00"
"HUNTSVILLE, AL","15,000.00","15,000.00","15,000.00"
"HUNTSVILLE, ALABAMA","111,000.00","111,000.00","111,000.00"
"HUTCHINSON, KS","46,000.00","46,000.00","46,000.00"
IDAHO,"44,600.00","29,000.00","60,200.00"
IDAHO FALLS,"60,000.00","60,000.00","60,000.00"
INDIANA,"56,200.00","56,200.00","56,200.00"
INDIANAPOLIS,"63,120.00","20,850.00","90,000.00"
"INDIANAPOLIS, IN","116,500.00","110,000.00","123,000.00"
"INLAND EMPIRE, CA","89,000.00","65,000.00","113,000.00"
IOWA,"33,517.50",35.00,"67,000.00"
IPSWICH,"28,368.12","2,404.35","48,100.00"
IRVINE,"127,344.56","80,000.00","201,000.00"
IRVINE CA,"115,000.00","115,000.00","115,000.00"
IRVING,"78,000.00","78,000.00","78,000.00"
"ISELIN, NJ","106,000.00","106,000.00","106,000.00"
ISLAMABAD,"20,000.00","20,000.00","20,000.00"
"ISSAQUAH, WA","91,000.00","91,000.00","91,000.00"
ISTANBUL,"6,000.00","6,000.00","6,000.00"
ITHACA,"64,750.00","42,000.00","87,500.00"
JACKSONVILLE,"88,335.00","53,000.00","110,000.00"
"JACKSONVILLE, FL","78,500.00","78,500.00","78,500.00"
JERSEY CITY,"18,000.00","18,000.00","18,000.00"
JOHANNESBURG,"41,506.60","7,000.00","88,000.00"
JOHNSON,"43,000.00","43,000.00","43,000.00"
JOLIET,"100,000.00","100,000.00","100,000.00"
"JUNEAU, AK","90,000.00","90,000.00","90,000.00"
KALAMAZOO,"43,000.00","43,000.00","43,000.00"
"KALAMAZOO, MI","68,000.00","68,000.00","68,000.00"
KAMLOOPS,"70,000.00","70,000.00","70,000.00"
KANATA,"49,500.00","49,500.00","49,500.00"
KANSAS,"62,500.00","55,000.00","70,000.00"
KANSAS CITY,"84,675.71","46,800.00","270,000.00"
KARACHI,"10,734.82","10,734.82","10,734.82"
KARLSRUHE,"55,906.50","52,813.00","59,000.00"
KATOWICE,"9,800.00","9,800.00","9,800.00"
KAUNAS,"25,344.51","25,344.51","25,344.51"
KELOWNA,"54,000.00","54,000.00","54,000.00"
"KENOSHA, WI","56,591.18","52,092.75","61,089.60"
KENTUCKY,"102,500.00","102,500.00","102,500.00"
KILGORE,"82,311.00","82,311.00","82,311.00"
"KIRKLAND, WA","263,000.00","263,000.00","263,000.00"
KITCHENER,"45,500.00","45,500.00","45,500.00"
KLAIPEDA,"17,134.00","17,134.00","17,134.00"
KLAMATH FALLS,"65,000.00","65,000.00","65,000.00"
KNOXVILLE,"55,400.00","34,800.00","76,000.00"
KNOXVILLE TN,"65,000.00","65,000.00","65,000.00"
KOCAELI,"10,000.00","10,000.00","10,000.00"
KOLKATA,"8,250.00","8,250.00","8,250.00"
KRAKOW,"50,000.00","50,000.00","50,000.00"
KRAKÓW,"41,450.00","34,000.00","48,900.00"
KREFELD,"40,263.00","40,263.00","40,263.00"
KRUNG THEP MAHA NAKORN (BANGKOK),"22,000.00","22,000.00","22,000.00"
KUALA LUMPUR,"63,333.33","25,000.00","110,000.00"
KYIV,"38,550.00","2,200.00","62,000.00"
LA COUNTY/INLAND EMPIRE,"82,500.00","82,500.00","82,500.00"
LA CROSSE,"62,066.67","38,000.00","78,000.00"
"LA MIRADA, CALIFORNIA","75,000.00","75,000.00","75,000.00"
LA ROCHELLE,"21,500.00","21,500.00","21,500.00"
LAFAYETTE,"54,300.00","44,000.00","64,600.00"
"LAFAYETTE, LA","50,000.00","50,000.00","50,000.00"
LAHORE,"13,090.00","13,090.00","13,090.00"
LAKE BARRINGTON,"90,000.00","90,000.00","90,000.00"
LAKE CHARLES,"38,395.79","38,000.00","38,791.58"
LAKE FOREST,"70,000.00","70,000.00","70,000.00"
LAKE WORTH,"64,000.00","64,000.00","64,000.00"
LAKEWOOD,"90,000.00","90,000.00","90,000.00"
LANCASTER,"56,000.00","56,000.00","56,000.00"
LANGLEY,"54,000.00","54,000.00","54,000.00"
LANSING,"56,000.00","56,000.00","56,000.00"
"LANSING, MI","35,000.00","35,000.00","35,000.00"
"LANSING, MICHIGAN","36,150.00","36,150.00","36,150.00"
LAS CRUCES,"55,000.00","55,000.00","55,000.00"
LAS VEGAS,"89,500.00","36,000.00","180,000.00"
LAS VEGAS VEGAS,"80,000.00","80,000.00","80,000.00"
LATROBE,"52,000.00","52,000.00","52,000.00"
LAVAL,"55,000.00","45,000.00","65,000.00"
LE SENTIER,"140,000.00","140,000.00","140,000.00"
LEADVILLE,"45,000.00","45,000.00","45,000.00"
LEAGUE CITY,"60,500.00","60,500.00","60,500.00"
LEBANON NH,"116,766.00","116,766.00","116,766.00"
LEEDS,"64,810.00",70.00,"145,000.00"
LEHI,"86,950.00","62,800.00","120,000.00"
"LEHI, UT","175,000.00","175,000.00","175,000.00"
LEIRIA,"15,800.00","15,800.00","15,800.00"
LEOMINSTER,"45,000.00","45,000.00","45,000.00"
LETHBRIDGE,"43,500.00","43,500.00","43,500.00"
LEUVEN,"29,200.00","3,400.00","55,000.00"
LEVICE,"14,500.00","14,500.00","14,500.00"
LEVIS,"54,500.00","54,500.00","54,500.00"
LEWISTON,"66,700.00","66,700.00","66,700.00"
LEXINGTON,"55,866.67","35,600.00","67,000.00"
"LEXINGTON, KY","39,500.00","39,000.00","40,000.00"
LIÈGE,"29,096.00","29,096.00","29,096.00"
LILLE,"34,619.35","34,619.35","34,619.35"
"LIMA, OH","55,000.00","55,000.00","55,000.00"
LIMERICK,"37,800.00","37,400.00","38,200.00"
LIMERICM,"50,000.00","50,000.00","50,000.00"
"LINCOLN, NE","91,940.00","53,880.00","130,000.00"
LINZ,"64,000.00","64,000.00","64,000.00"
LISBON,"14,674.33",23.00,"28,000.00"
LITTLE ROCK,"71,239.54","55,718.62","86,000.00"
"LITTLE ROCK, AR","100,000.00","100,000.00","100,000.00"
LIVERMORE,"81,500.00","81,500.00","81,500.00"
LIVERPOOL,"47,875.00","45,750.00","50,000.00"
LJUBLJANA,"64,900.00","42,000.00","93,000.00"
ŁÓDŹ,"21,700.00","21,700.00","21,700.00"
LOG ANGELES,"85,000.00","85,000.00","85,000.00"
LONDON,"67,211.66","23,000.00","182,000.00"
LONG BEACH,"50,000.00","50,000.00","50,000.00"
LONG ISLAND,"63,000.00","58,000.00","68,000.00"
LONG ISLAND (NYC SUBURB),"77,000.00","77,000.00","77,000.00"
"LONG ISLAND, NY","77,000.00","77,000.00","77,000.00"
LOS ANGELES,"123,481.48","40,000.00","420,000.00"
LOS ANGELES SUBURB,"58,000.00","58,000.00","58,000.00"
LOS ANGELOS,"51,500.00","51,500.00","51,500.00"
LOUISIANA,"56,250.00","56,000.00","56,500.00"
LOUISVILLE,"84,497.14",60.00,"140,000.00"
"LOUISVILLE, KY, USA","185,000.00","185,000.00","185,000.00"
LOUVAIN-LA-NEUVE,"39,239.00","39,239.00","39,239.00"
LUCERNE,"83,500.00","83,500.00","83,500.00"
LUMMEN,"48,800.00","48,800.00","48,800.00"
LYNCHBURG,"52,220.00","6,700.00","85,000.00"
LYNNFIELD,"127,000.00","127,000.00","127,000.00"
LYON,"60,863.00","49,726.00","72,000.00"
MAASTRICHT,"24,000.00","24,000.00","24,000.00"
MADISON,"94,526.00","64,104.00","120,000.00"
"MADISON, WI","93,315.00","45,760.00","160,000.00"
MADRID,"32,207.11",28.62,"67,000.00"
"MAIN OFFICE IN BLOOMFIELD HILLS, MI. MAIN DATACENTER IN WEST CHESTER, OH.","32,500.00","32,500.00","32,500.00"
MALDEGEM,"105,000.00","105,000.00","105,000.00"
MALE',"14,000.00","14,000.00","14,000.00"
MALMO,"81,330.00","81,330.00","81,330.00"
"MALVERN, PA","60,500.00","60,500.00","60,500.00"
MANCHESTER,"56,960.33","24,650.00","81,250.00"
"MANCHESTER, NH","108,000.00","108,000.00","108,000.00"
MANHATTAN,"179,000.00","155,000.00","220,000.00"
"MANHATTAN, KS","62,500.00","50,000.00","75,000.00"
MANILA,"5,000.00","5,000.00","5,000.00"
MANNHEIM,"77,000.00","77,000.00","77,000.00"
MARBELLA,"60,739.00","60,739.00","60,739.00"
"MARIETTA, GA","58,000.00","58,000.00","58,000.00"
"MARKHAM, ON","68,200.00","68,200.00","68,200.00"
MARYLAND,"63,672.17","32,000.00","92,800.00"
MARYVILLE,"70,000.00","70,000.00","70,000.00"
MASSACHUSETTS,"76,500.00","70,000.00","83,000.00"
MASTERTON,"48,200.00","48,200.00","48,200.00"
MATLOCK,"22,240.98","22,240.98","22,240.98"
MCMURRAY,"125,000.00","125,000.00","125,000.00"
MECHANICSBURG,"70,500.00","70,500.00","70,500.00"
MELBOURNE,"75,382.81","31,565.00","172,000.00"
"MELBOURNE, FL","87,000.00","87,000.00","87,000.00"
MEMPHIS,"73,862.50","52,000.00","110,000.00"
"MEMPHIS, TN","52,000.00","52,000.00","52,000.00"
MENLO PARK,"235,000.00","235,000.00","235,000.00"
MERIDIAN ID,"56,000.00","56,000.00","56,000.00"
MERTHYR TYDFIL,"23,474.50","23,474.50","23,474.50"
MESA,"53,700.00","53,700.00","53,700.00"
METRO DETROIT,"107,109.00","104,218.00","110,000.00"
MIAMI,"43,140.00","11,700.00","70,000.00"
MICHIGAN,"40,833.33","12,000.00","55,500.00"
MIDDELFART,"60,500.00","60,500.00","60,500.00"
MIDLAND,"83,000.00","78,000.00","88,000.00"
MIDWEST,"137,650.00","60,300.00","215,000.00"
MILAN,"20,666.50",66.00,"39,600.00"
MILL VALLEY,"62,392.22","62,392.22","62,392.22"
MILWAUKEE,"84,945.27","44,000.00","183,500.00"
MINNEAPOLIS,"110,788.80","40,000.00","235,000.00"
"MINNEAPOLIS, MN","116,000.00","105,000.00","127,000.00"
"MISSION, KS","80,000.00","80,000.00","80,000.00"
MISSISSAUGA,"91,268.40","91,268.40","91,268.40"
MISSISSIPPI,"55,000.00","55,000.00","55,000.00"
"MISSOULA, MT","61,000.00","61,000.00","61,000.00"
MOBILE,"74,000.00","74,000.00","74,000.00"
MODESTO,"60,000.00","60,000.00","60,000.00"
MONMOUTH,"26,496.00","26,496.00","26,496.00"
MONROEVILLE,"65,000.00","65,000.00","65,000.00"
MONTANA AREA,"40,000.00","40,000.00","40,000.00"
MONTEREY,"142,000.00","142,000.00","142,000.00"
MONTERREY,"70,350.00","70,350.00","70,350.00"
MONTEVIDEO,"12,000.00","12,000.00","12,000.00"
MONTGOMERY,"79,500.00","64,000.00","95,000.00"
MONTREAL,"64,918.47","28,000.00","160,000.00"
MONTRÉAL,"53,007.00","29,000.00","110,000.00"
"MONTROSE, CO","54,700.00","54,700.00","54,700.00"
MOOREBANK,"58,315.95","58,315.95","58,315.95"
MORGAN HILL,"82,000.00","82,000.00","82,000.00"
"MORGANTOWN, WV","80,000.00","80,000.00","80,000.00"
MORRISTOWN,"65,200.00","65,200.00","65,200.00"
MORRISVILLE,"78,750.00","43,000.00","97,000.00"
MOSCOW,"39,375.00","26,000.00","61,500.00"
MOUNTAIN VIEW,"144,936.43","77,000.00","242,500.00"
MSP,"94,000.00","94,000.00","94,000.00"
MT PLEASANT MI,"49,700.00","49,700.00","49,700.00"
MULTIPLE,"130,500.00","130,500.00","130,500.00"
MUMBAI,"11,500.00","5,000.00","18,000.00"
MUNICH,"64,967.87",40.00,"175,000.00"
MUSCATINE,"84,000.00","84,000.00","84,000.00"
MÜNCHEN,"65,000.00","65,000.00","65,000.00"
MYRTLE BEACH,"40,000.00","40,000.00","40,000.00"
N. IDAHO,"39,800.00","39,800.00","39,800.00"
NAMUR,"44,865.00","44,865.00","44,865.00"
NANTES,"36,547.67","33,100.00","38,543.00"
NAPA,"77,600.00","77,600.00","77,600.00"
NAPERVILLE,"110,000.00","110,000.00","110,000.00"
"NAPLES, FL","47,500.00","47,500.00","47,500.00"
NASHVILLE,"76,142.86","50,000.00","105,000.00"
"NASHVILLE, TN","71,500.00","45,000.00","100,000.00"
NATIONAL POSITION,"173,000.00","173,000.00","173,000.00"
NE,"65,150.00","65,150.00","65,150.00"
NEAR PHILADELPHIA,"102,500.00","102,500.00","102,500.00"
NEW  YORK,"200,000.00","200,000.00","200,000.00"
NEW BRUNSWICK,"56,258.00","56,258.00","56,258.00"
NEW HAVEN,"82,000.00","82,000.00","82,000.00"
"NEW HAVEN, CT","131,500.00","110,000.00","153,000.00"
NEW HUDSON,"107,500.00","107,500.00","107,500.00"
NEW HYDE PARK,"54,000.00","54,000.00","54,000.00"
NEW JERSEY,"86,383.33","49,150.00","133,000.00"
NEW LONDON,"59,000.00","55,000.00","63,000.00"
NEW ORLEANS,"81,550.00","76,000.00","87,100.00"
"NEW ORLEANS, LA","70,000.00","70,000.00","70,000.00"
NEW YORK,"159,824.37","57,000.00","850,000.00"
NEW YORK CITY,"127,865.06","35,360.00","307,000.00"
"NEW YORK, NY","96,250.00","60,000.00","132,500.00"
NEWARK,"71,000.00","70,000.00","72,000.00"
"NEWARK, DE","120,000.00","120,000.00","120,000.00"
NEWCASTLE,"175,425.88","38,069.00","910,000.00"
NEWPORT BEACH,"70,000.00","70,000.00","70,000.00"
NEWRY,"49,330.00","49,330.00","49,330.00"
NICE,"55,000.00","55,000.00","55,000.00"
NICETRY2,"85,000.00","85,000.00","85,000.00"
NICOSIA,"30,730.00","30,730.00","30,730.00"
NILAI,"9,513.00","9,513.00","9,513.00"
NJ,"84,000.00","83,000.00","85,000.00"
NOCITY - GEORGIA,"24,000.00","24,000.00","24,000.00"
NOIDA,"24,200.00","24,200.00","24,200.00"
NOORDWIJK,"42,400.00","42,400.00","42,400.00"
NORFOLK,"46,758.29","14,774.88","74,000.00"
"NORFOLK, VA","80,000.00","80,000.00","80,000.00"
"NORMAN, OK","63,400.00","63,400.00","63,400.00"
NORTH ANDOVER,"61,000.00","61,000.00","61,000.00"
NORTH DAKOTA,"68,750.00","63,000.00","74,500.00"
NORTH FL,"66,000.00","66,000.00","66,000.00"
NORTH MISSISSIPPI,"85,500.00","85,500.00","85,500.00"
NORTH TEXAS,"115,800.00","115,800.00","115,800.00"
NORTH VANCOUVER,"28,500.00","28,500.00","28,500.00"
NORTHERN CALIFORNIA,"70,000.00","70,000.00","70,000.00"
NORTHERN NJ,"85,000.00","85,000.00","85,000.00"
NORTHWEST FLORIDA,"86,000.00","86,000.00","86,000.00"
NORWICH,"37,000.00","37,000.00","37,000.00"
NOTTINGHAM,"36,240.83",48.00,"68,000.00"
NOVA,"80,000.00","80,000.00","80,000.00"
NOVI,"103,000.00","103,000.00","103,000.00"
NÜRNBERG,"45,300.00","45,300.00","45,300.00"
NW ARKANSAS,"106,000.00","106,000.00","106,000.00"
NY,"83,000.00","83,000.00","83,000.00"
NY METRO AREA,"127,800.00","127,800.00","127,800.00"
NYC,"122,971.20",160.00,"382,000.00"
OAK BROOK,"89,000.00","89,000.00","89,000.00"
"OAK BROOK, IL","100,000.00","100,000.00","100,000.00"
OAK RIDGE,"93,177.00","93,177.00","93,177.00"
OAKLAND,"123,500.00","75,000.00","172,000.00"
OAKLAND CA,"145,000.00","145,000.00","145,000.00"
"OAKLAND, CA","124,000.00","124,000.00","124,000.00"
ODENSE,"73,666.67","68,000.00","84,000.00"
"ODESSA, TX","94,500.00","94,500.00","94,500.00"
OGDEN,"47,500.00","47,500.00","47,500.00"
"OGDEN, UT","120,000.00","120,000.00","120,000.00"
OHIO,"49,000.00","49,000.00","49,000.00"
OKLAHOMA CITY,"79,235.04","44,585.46","153,000.00"
"OKLAHOMA CITY, OK","79,560.00","79,560.00","79,560.00"
OMAHA,"92,588.89","41,600.00","140,000.00"
"OMAHA, NE","70,000.00","70,000.00","70,000.00"
"OMAHA, NEBRASKA","70,000.00","70,000.00","70,000.00"
ONTARIO,"42,500.00","42,500.00","42,500.00"
"ONTARIO, CA","83,000.00","83,000.00","83,000.00"
"ONTARIO, OH","41,500.00","41,500.00","41,500.00"
ORANGE,"115,000.00","115,000.00","115,000.00"
ORANGE COUNTY,"93,500.00","70,000.00","145,000.00"
"ORANGE COUNTY, CA","73,500.00","50,000.00","97,000.00"
"ORANGE, CALIFORNIA","55,000.00","55,000.00","55,000.00"
ORANGEBURG,"107,000.00","107,000.00","107,000.00"
OREGON,"92,500.00","70,000.00","115,000.00"
OREM,16.00,16.00,16.00
ORLANDO,"83,285.62","35,320.00","154,250.00"
"ORLANDO, FLORIDA","60,100.00","60,100.00","60,100.00"
OSHAWA,"35,600.00","35,600.00","35,600.00"
"OSHAWA, ON","33,851.00","33,851.00","33,851.00"
OSKARSHAMN,"48,945.00","48,945.00","48,945.00"
OSLO,"69,945.00","40,120.00","95,000.00"
"OSSINING, NY","45,000.00","45,000.00","45,000.00"
OTTAWA,"66,341.56","22,800.00","122,000.00"
OTTAWA/GATINEAU,"82,416.00","82,416.00","82,416.00"
OUTSIDE SEATTLE,"90,720.00","90,720.00","90,720.00"
OVERLAND PARK,"60,800.00","60,800.00","60,800.00"
OXFORD,"43,000.00","43,000.00","43,000.00"
ÖREBRO,"3,500.00","3,500.00","3,500.00"
PALM BEACH,"45,000.00","45,000.00","45,000.00"
PALMERSTON NORTH,"45,500.00","45,500.00","45,500.00"
PALO ALTO,"185,400.00","84,000.00","340,000.00"
"PALO ALTO, CA","105,600.00","105,600.00","105,600.00"
PANAMA CITY,"50,000.00","50,000.00","50,000.00"
PARAGOULD,"69,000.00","69,000.00","69,000.00"
PARIS,"58,385.43","29,000.00","102,000.00"
PARIS AND ITS AREA,"33,900.00","33,900.00","33,900.00"
PASADENA,"45,500.00","36,000.00","55,000.00"
"PASO ROBLES, CA","75,000.00","75,000.00","75,000.00"
"PATUXENT RIVER, MD","85,000.00","85,000.00","85,000.00"
PDX,"105,000.00","105,000.00","105,000.00"
PEORIA,"73,000.00","52,000.00","106,000.00"
"PEORIA, IL","64,400.00","64,400.00","64,400.00"
PERTH,"65,704.69","37,741.00","120,000.00"
PETALUMA,"104,000.00","104,000.00","104,000.00"
PETERBOROUGH,"65,500.00","65,500.00","65,500.00"
PHILADELPHIA,"101,769.44","39,200.00","300,000.00"
"PHILADELPHIA, PA","47,500.00","47,500.00","47,500.00"
"PHILLIPSBURG, NJ","52,314.40","52,314.40","52,314.40"
PHOENIX,"81,037.78","41,600.00","140,800.00"
"PHOENIX, AZ","85,103.00","64,206.00","106,000.00"
PHX,"66,000.00","66,000.00","66,000.00"
PITTSBURGH,"86,544.44","41,000.00","156,000.00"
"PITTSBURGH, PA","80,000.00","60,000.00","100,000.00"
PLANO,"94,250.00","67,000.00","112,000.00"
"PLANO, TX","120,000.00","120,000.00","120,000.00"
PLATTSBURGH,"81,400.00","81,400.00","81,400.00"
PLEASANTON,"161,694.11","95,082.34","220,000.00"
PLÖN,"32,000.00","32,000.00","32,000.00"
PMI,"17,830.00","17,830.00","17,830.00"
"PORT ARTHUR, TX","66,000.00","57,000.00","75,000.00"
PORT GLASGOW,"45,750.00","45,750.00","45,750.00"
PORT OF SPAIN,"31,865.00","31,865.00","31,865.00"
PORTLAND,"105,423.42","45,000.00","216,979.00"
PORTLAND ME,"69,000.00","55,000.00","83,000.00"
"PORTLAND, MAINE","85,000.00","75,000.00","95,000.00"
"PORTLAND, OR","93,000.00","42,000.00","166,000.00"
PORTO,"28,125.00","11,700.00","60,000.00"
POTTSVILLE,"60,000.00","60,000.00","60,000.00"
POUGHKEEPSIE,"86,524.00","86,524.00","86,524.00"
POZNAŃ,"30,636.00","30,636.00","30,636.00"
PR,"28,000.00","28,000.00","28,000.00"
PRAGUE,"31,419.67","13,618.00","46,000.00"
PRESTON,"31,119.00","31,119.00","31,119.00"
"PRINCE WILLIAM COUNTY, VA","87,421.62","87,421.62","87,421.62"
PROVIDENCE,"102,000.00","102,000.00","102,000.00"
PROVO,"60,000.00","60,000.00","60,000.00"
PULLMAN WASHINGTON,839.00,839.00,839.00
PUNE,"15,694.62","9,910.25","21,479.00"
PUYALLUP,"60,000.00","60,000.00","60,000.00"
QC,"36,250.00","36,250.00","36,250.00"
QUAKERTOWN,"99,540.00","99,540.00","99,540.00"
QUEBEC,"37,825.00","37,650.00","38,000.00"
QUEBEC CITY,"57,500.00","54,000.00","61,000.00"
QUERETARO,"15,000.00","15,000.00","15,000.00"
QUITO,"11,000.00","11,000.00","11,000.00"
RALEIGH,"96,622.50","53,000.00","160,000.00"
RALEIGH / DURHAM,"46,000.00","46,000.00","46,000.00"
"RALEIGH, NC","54,000.00","54,000.00","54,000.00"
READING,"72,558.18","43,680.00","160,000.00"
"RED BANK, NJ","68,000.00","68,000.00","68,000.00"
RED DEER,"46,175.00","30,350.00","62,000.00"
REDMOND,"127,033.33","50,000.00","265,300.00"
"REDMOND, WA","138,000.00","80,000.00","196,000.00"
"REDMOND, WASHINGTON","141,000.00","141,000.00","141,000.00"
REDWOOD CITY,"87,000.00","87,000.00","87,000.00"
"REDWOOD CITY, CA","162,900.00","162,900.00","162,900.00"
REGINA,"61,870.00","61,870.00","61,870.00"
REINBECK,"56,000.00","56,000.00","56,000.00"
REMOTE,"114,092.00","76,000.00","180,000.00"
RENNES,"59,000.00","59,000.00","59,000.00"
RENO,"97,188.00","97,188.00","97,188.00"
RESTON,"105,000.00","105,000.00","105,000.00"
RESTON VA,"240,000.00","240,000.00","240,000.00"
"RESTON, VA","120,000.00","95,000.00","142,000.00"
REYKJAVÍK,"54,000.00","54,000.00","54,000.00"
"RICE LAKE, WI","55,000.00","55,000.00","55,000.00"
RICHMOND,"90,256.25","30,000.00","160,000.00"
"RICHMOND, VA","66,220.00","52,500.00","92,000.00"
RICHMONF,"60,000.00","60,000.00","60,000.00"
RIDGEFIELD,"78,000.00","78,000.00","78,000.00"
ROANOKE,"52,750.00","46,500.00","59,000.00"
ROCHESTER,"65,210.00","55,420.00","75,000.00"
ROCHESTER NY,"46,000.00","46,000.00","46,000.00"
"ROCHESTER, NY","65,469.33","51,000.00","78,408.00"
ROCKFORD,"65,900.00","65,900.00","65,900.00"
"ROCKFORD, IL","87,800.00","87,800.00","87,800.00"
ROCKLEDGE,"55,000.00","55,000.00","55,000.00"
ROCKVILLE,"148,000.00","148,000.00","148,000.00"
"ROCKVILLE, MD","271,525.33",76.00,"703,000.00"
ROMANDIE,"68,000.00","68,000.00","68,000.00"
ROME,"37,750.00","35,000.00","40,500.00"
ROSENHEIM,"50,000.00","50,000.00","50,000.00"
ROTTERDAM,"55,118.00","34,000.00","68,500.00"
ROUND ROCK,"125,000.00","125,000.00","125,000.00"
"ROUND ROCK, TX","53,000.00","53,000.00","53,000.00"
"RTP, NC","132,000.00","132,000.00","132,000.00"
RURAL IOWA,"93,000.00","93,000.00","93,000.00"
SA,"54,000.00","54,000.00","54,000.00"
SAARBRÜCKEN,"57,000.00","57,000.00","57,000.00"
SACRAMENTO,"98,750.25","53,000.00","180,000.00"
SAINT-PETERSBURG,"17,400.00","11,000.00","23,800.00"
SAINT LOUIS,"99,000.00","58,000.00","140,000.00"
SAINT PAUL,"115,000.00","115,000.00","115,000.00"
SAINT PETERSBURG,"35,870.00","23,000.00","46,010.00"
SALEM,"71,090.00","53,500.00","88,680.00"
"SALEM, MA","103,000.00","103,000.00","103,000.00"
SALFORD,"24,328.65","24,328.65","24,328.65"
"SALISBURY, MD","42,000.00","42,000.00","42,000.00"
SALT LAKE,"136,700.00","136,700.00","136,700.00"
SALT LAKE CITY,"82,150.00","6,400.00","175,000.00"
SAN ANTONIO,"89,750.00","40,000.00","120,000.00"
"SAN ANTONIO, TX","112,000.00","112,000.00","112,000.00"
"SAN CLEMENTE, CA","68,500.00","68,500.00","68,500.00"
SAN DIEGO,"103,805.13","35,300.00","245,000.00"
"SAN DIEGO, CA","206,000.00","206,000.00","206,000.00"
SAN FRANCISCO,"323,443.78","20,145.00","4,210,000.00"
SAN FRANCISCO BAY AREA,"146,733.33","78,000.00","210,000.00"
"SAN FRANCISCO, CA","115,100.00","115,100.00","115,100.00"
SAN FRANCSICO,"139,100.00","139,100.00","139,100.00"
SAN FRANSISCO,"135,000.00","135,000.00","135,000.00"
SAN JOSE,"93,166.67","80,000.00","119,500.00"
"SAN JOSE, CA","151,000.00","151,000.00","151,000.00"
SAN LEANDRO,"87,500.00","87,500.00","87,500.00"
SAN LUIS OBISPO,"57,763.75","50,400.00","70,000.00"
"SAN LUIS OBISPO, CA","96,740.00","96,740.00","96,740.00"
"SAN MATEO, CA","186,000.00","186,000.00","186,000.00"
"SAN RAMON, CA","136,250.00","136,250.00","136,250.00"
SANTA BARBARA,"88,350.00","72,700.00","104,000.00"
SANTA CLARA,"146,400.00","55,200.00","222,000.00"
"SANTA CLARITA, CA","35,000.00","35,000.00","35,000.00"
"SANTA FE, NM","65,000.00","65,000.00","65,000.00"
SANTA MONICA,"146,333.33","120,000.00","188,000.00"
SANTA ROSA,"58,000.00","58,000.00","58,000.00"
"SANTA ROSA, CA","130,000.00","130,000.00","130,000.00"
SANTIAGO,"37,593.00","37,593.00","37,593.00"
SANTO DOMINGO,"2,300.00","2,300.00","2,300.00"
SÃO PAULO,"18,935.00","6,300.00","36,000.00"
SARAJEVO,"9,000.00","9,000.00","9,000.00"
SARASOTA,"250,000.00","250,000.00","250,000.00"
"SARASOTA, FL","85,000.00","85,000.00","85,000.00"
SAT,"68,000.00","68,000.00","68,000.00"
SAVANNAH,"62,500.00","49,000.00","76,000.00"
SCHIPHOL,43.00,43.00,43.00
SCOTTSDALE,"90,100.00","62,000.00","110,000.00"
"SCOTTSDALE, AZ","50,670.00","50,670.00","50,670.00"
SEATTLE,"143,133.11","30,720.00","500,000.00"
SEATTLE (ISSAQUAH),"57,000.00","57,000.00","57,000.00"
"SEATTLE, WA","137,705.40","88,927.00","200,000.00"
"SEATTLE, WASHINGTON","378,000.00","378,000.00","378,000.00"
SEBRING,"65,300.00","65,300.00","65,300.00"
SF,"150,000.00","150,000.00","150,000.00"
SF BAY AREA,"115,000.00","90,000.00","140,000.00"
SHEFFIELD,"43,472.20","37,511.00","49,433.40"
SHELBYVILLE,"55,000.00","55,000.00","55,000.00"
SHREVEPORT,"79,550.00","54,100.00","105,000.00"
SHREWSBURY,"36,200.00","36,200.00","36,200.00"
SINGAPORE,"110,000.00","100,000.00","120,000.00"
SION,"72,500.00","72,500.00","72,500.00"
SIOUX CITY,"50,000.00","50,000.00","50,000.00"
"SMITHFIELD, VA","41,860.00","41,860.00","41,860.00"
"SOMERSET, NJ","41,250.00","28,500.00","54,000.00"
SOMERVILLE,"180,000.00","180,000.00","180,000.00"
SOPHIA-ANTIPOLIS,"47,290.00","47,290.00","47,290.00"
SOUTH BEND,"59,750.00","52,500.00","67,000.00"
"SOUTH BEND, IN","50,000.00","50,000.00","50,000.00"
SOUTH CENTRAL TX,"172,000.00","172,000.00","172,000.00"
SOUTH WESTERN ONTARIO,"47,000.00","47,000.00","47,000.00"
SOUTHAMPTON,"52,953.00","52,953.00","52,953.00"
SOUTHEASTERN US,"110,000.00","110,000.00","110,000.00"
SOUTHEND ON SEA,"53,804.93","53,804.93","53,804.93"
SOUTHFIELD,"80,000.00","80,000.00","80,000.00"
"SOUTHFIELD, MI","72,000.00","72,000.00","72,000.00"
SPOKANE,"71,037.50","38,300.00","120,000.00"
SPRING LAKE PARK,"74,000.00","74,000.00","74,000.00"
SPRINGFIELD,"42,500.00","42,500.00","42,500.00"
"SPRINGFIELD, MA",67.00,67.00,67.00
"SPRINGFIELD, MO","67,500.00","65,000.00","70,000.00"
"SPRINGFIELD, NJ","42,000.00","42,000.00","42,000.00"
SSLT LAKE,"80,000.00","80,000.00","80,000.00"
ST ALBANS,"56,500.00","56,500.00","56,500.00"
ST LOUIS,"119,666.50","66,000.00","183,000.00"
ST PAUL,"61,000.00","61,000.00","61,000.00"
ST PETERSBURG,"35,000.00","35,000.00","35,000.00"
"ST. CLOUD, MN","70,000.00","70,000.00","70,000.00"
ST. GALLEN,"57,574.66","57,574.66","57,574.66"
ST. LOUIS,"79,391.67","45,000.00","150,500.00"
ST. PAUL,"120,000.00","120,000.00","120,000.00"
ST.LOUIS,"118,000.00","118,000.00","118,000.00"
"STAFFORD, VA","165,000.00","165,000.00","165,000.00"
STAFFORDSHIRE,"18,000.00","18,000.00","18,000.00"
STATE OF GEORGIA,"41,000.00","41,000.00","41,000.00"
"STATEN ISLAND, NY","70,000.00","70,000.00","70,000.00"
STILLWATER,"68,000.00","68,000.00","68,000.00"
STL,"55,000.00","55,000.00","55,000.00"
STLOUIS,"120,000.00","120,000.00","120,000.00"
STOCKHOLM,"57,821.06","3,000.00","112,000.00"
STOKE,"32,000.00","32,000.00","32,000.00"
STONEHOUSE,"26,656.00","26,656.00","26,656.00"
"STORRS, CT","60,000.00","60,000.00","60,000.00"
STRASBOURG,"43,333.33","39,000.00","48,000.00"
STRATFORD,"95,000.00","95,000.00","95,000.00"
STUTTGART,"77,764.29","61,000.00","102,000.00"
SUBURBAN NYC,"68,000.00","68,000.00","68,000.00"
SUNDERLAND,"38,300.00","38,300.00","38,300.00"
"SUNNEYVALE, SAN FRANCISCO","78,000.00","78,000.00","78,000.00"
SUNNYVALE,"128,250.00","29,000.00","324,500.00"
"SUNNYVALE, CA","180,000.00","180,000.00","180,000.00"
SUNSHINE COAST,"51,577.00","51,577.00","51,577.00"
SW FL,"87,300.00","87,300.00","87,300.00"
SWINDON,"21,800.00","21,800.00","21,800.00"
SYDNEY,"85,506.24",100.00,"270,000.00"
SYRACUSE,"72,275.00","68,550.00","76,000.00"
"SYRACUSE, NY","78,000.00","78,000.00","78,000.00"
SZEGED,"13,600.00","13,600.00","13,600.00"
TACOMA,"71,500.00","50,000.00","93,000.00"
TAIPEI,"155,000.00","155,000.00","155,000.00"
TALLAHASSEE,"65,433.33","37,300.00","87,000.00"
TALLINN,"40,066.67","30,000.00","51,200.00"
TAMPA,"119,050.00","40,000.00","275,000.00"
"TAMPA, FL","165,000.00","165,000.00","165,000.00"
TAURANGA,"38,000.00","38,000.00","38,000.00"
TEL-AVIV,"82,500.00","75,000.00","90,000.00"
TELECOMMUTE,"78,025.00","71,050.00","85,000.00"
TELEWORK/KS,"144,000.00","144,000.00","144,000.00"
TEMPE,"135,000.00","135,000.00","135,000.00"
"TEMPE, AZ","60,000.00","60,000.00","60,000.00"
TEXAS,"117,833.33","68,000.00","203,500.00"
THE WOODLANDS,"150,000.00","150,000.00","150,000.00"
THESSALONIKI,"20,000.00","20,000.00","20,000.00"
TINTON FALLS,"134,000.00","134,000.00","134,000.00"
TOKYO,"66,191.67","37,250.00","94,000.00"
TOLEDO,"39,750.00","39,750.00","39,750.00"
TOLEDO OHIO,"59,000.00","59,000.00","59,000.00"
"TOPEKA, KS","48,000.00","48,000.00","48,000.00"
TORONTO,"75,580.10",58.00,"279,000.00"
TOULOUSE,"59,500.00","53,000.00","66,000.00"
TOURS,"47,500.00","47,500.00","47,500.00"
TOWNSVILLE,"58,250.00","45,000.00","71,500.00"
TOWSON,"104,000.00","104,000.00","104,000.00"
TRAVERSE CITY,"30,100.00","30,100.00","30,100.00"
TRENTON,"79,500.00","79,500.00","79,500.00"
TRIER,"55,000.00","55,000.00","55,000.00"
TRONDHEIM,"45,000.00","45,000.00","45,000.00"
"TROY, OHIO","75,000.00","75,000.00","75,000.00"
TUCSON,"53,681.40","34,000.00","71,500.00"
"TUKWILA, WA","145,000.00","145,000.00","145,000.00"
TULSA,"92,657.14","43,000.00","164,000.00"
"TULSA, OK","188,000.00","188,000.00","188,000.00"
TUNBRIDGE WELLS,"61,276.00","61,276.00","61,276.00"
TURKU,"75,000.00","75,000.00","75,000.00"
TWENTE,"42,239.00","42,239.00","42,239.00"
TWIN CITIES,"70,000.00","70,000.00","70,000.00"
TX,"155,725.00","60,450.00","251,000.00"
"TYSONS, VA","115,000.00","115,000.00","115,000.00"
UDINE,"45,000.00","45,000.00","45,000.00"
UMEÅ,"43,600.00","43,600.00","43,600.00"
UPPSALA,"39,533.33","34,000.00","44,600.00"
UPSTATE NY,"62,000.00","32,000.00","92,000.00"
URBANDALE,"43,000.00","43,000.00","43,000.00"
US REMOTE,"146,000.00","146,000.00","146,000.00"
UTAH,"58,066.67","21,200.00","78,000.00"
UTICA,"60,000.00","60,000.00","60,000.00"
UTRECHT,"45,000.00","45,000.00","45,000.00"
VÆRLØSE,"91,000.00","91,000.00","91,000.00"
VALENCIA,"44,000.00","44,000.00","44,000.00"
VANCOUVER,"68,815.65","31,293.00","108,000.00"
"VANCOUVER, BC","60,760.00","60,760.00","60,760.00"
"VANCOUVER, W","87,000.00","87,000.00","87,000.00"
"VANCOUVER, WA","104,603.00","104,603.00","104,603.00"
VANTAA,"47,500.00","36,500.00","58,500.00"
VARNA,"10,000.00","10,000.00","10,000.00"
VEDBÆK,"67,408.00","67,408.00","67,408.00"
VENTURA,"105,000.00","105,000.00","105,000.00"
VERMONT,"81,000.00","81,000.00","81,000.00"
VICENZA,22.89,22.89,22.89
VICTORIA,"54,499.58","34,377.50","79,500.00"
VIENNA,"46,145.88","13,000.00","60,000.00"
VILNIUS,"12,616.67","4,350.00","19,500.00"
VIRGINIA BEACH,"90,874.50","81,749.00","100,000.00"
WA/PERTH,"28,812.00","28,812.00","28,812.00"
WAKEFIELD,"28,500.00","28,500.00","28,500.00"
"WALDORF, MD","67,400.00","67,400.00","67,400.00"
WALTHAM,"105,000.00","105,000.00","105,000.00"
WARRINGTON,"53,400.00","53,400.00","53,400.00"
WARSAW,"25,890.00","10,780.00","41,000.00"
WARSZAWA,"10,451.01","10,451.01","10,451.01"
WASHINGTON D.C,"85,000.00","85,000.00","85,000.00"
WASHINGTON D.C.,"86,000.00","47,000.00","120,000.00"
WASHINGTON DC,"76,315.60",84.00,"136,000.00"
"WASHINGTON, D.C.","127,166.67","70,000.00","193,000.00"
"WASHINGTON, DC","122,918.89","10,300.00","185,000.00"
WATERFORD,"74,000.00","74,000.00","74,000.00"
WATERLOO,"64,564.50","60,829.00","68,300.00"
WB,57.00,57.00,57.00
WELLINGTON,"60,035.00","38,581.00","83,500.00"
WEST BEND,"65,000.00","65,000.00","65,000.00"
"WEST FARGO, ND","52,000.00","52,000.00","52,000.00"
WEST LAFAYETTE,"68,750.00","65,000.00","72,500.00"
WEST LIBERTY,"66,000.00","66,000.00","66,000.00"
WEST MIDLANDS,"43,157.00","43,157.00","43,157.00"
WEST PALM BEACH,"134,343.92","134,343.92","134,343.92"
WEST SENECA,"54,705.00","54,705.00","54,705.00"
WEST VALLEY CITY,"105,000.00","105,000.00","105,000.00"
WESTBROOK,"91,700.00","91,700.00","91,700.00"
WESTERN NY,"87,500.00","87,500.00","87,500.00"
WESTERN PA,"174,500.00","174,500.00","174,500.00"
WESTFORD,"120,000.00","120,000.00","120,000.00"
"WESTLAKE VILLAGE, CA","220,000.00","220,000.00","220,000.00"
"WESTLAKE, OH","71,000.00","71,000.00","71,000.00"
WFH,"102,000.00","92,000.00","112,000.00"
WICHITA,"73,333.33","60,000.00","85,000.00"
WILLIAMSPORT,"58,000.00","58,000.00","58,000.00"
WILMINGTON,"102,000.00","102,000.00","102,000.00"
"WILMINGTON, DE","65,180.00","65,180.00","65,180.00"
"WILTON, CT","52,000.00","52,000.00","52,000.00"
WINNIPEG,"59,958.11","27,378.00","86,300.00"
WISCONSIN,"132,000.00","132,000.00","132,000.00"
WIXOM,"60,000.00","60,000.00","60,000.00"
"WOBURN, MA","81,000.00","81,000.00","81,000.00"
WOKING,"55,700.00","55,700.00","55,700.00"
WOODLAND HILLS,"80,000.00","80,000.00","80,000.00"
WORCESTERSHIRE,"25,500.00","25,500.00","25,500.00"
WROCLAW,"55,500.00","55,500.00","55,500.00"
WROCŁAW,"53,174.74","53,174.74","53,174.74"
WÜRZBURG,"30,000.00","30,000.00","30,000.00"
XXX,"13,000.00","13,000.00","13,000.00"
YAKIMA,"50,090.00","50,090.00","50,090.00"
YARMOUTH,"63,250.00","54,000.00","72,500.00"
YORK,"55,041.75","32,000.00","103,000.00"
YPSILANTI,"62,000.00","62,000.00","62,000.00"
YVERDON-LES-BAINS,"70,000.00","70,000.00","70,000.00"
ZAGREB,"11,500.00","11,000.00","12,000.00"
ZARAGOZA,"45,000.00","45,000.00","45,000.00"
ZOETERMEER,"24,400.00","24,400.00","24,400.00"
"ZOLA PREDOSA, BOLOGNA","41,782.00","41,782.00","41,782.00"
ZURICH,"132,225.20","90,000.00","200,000.00"
